,Newey-West,Threshold
0,-3.5663777083130235,-10.204121604002347
1,-4.968794132083527,-8.222927296556591
