,Newey-West,Threshold
0,17.76695562502031,11.129211729330985
1,16.364539201249805,13.110406036776741
