,Newey-West,Threshold
0,28.236247862217084,135.79096547546058
1,26.440023375799207,74.94416459260655
