,sample size 1000,sample size 2000,sample size 3000
lag 0,0.13723941324799935,0.07332800884265998,0.005501548198454575
lag 1,0.04488571235827527,0.0154894674027442,0.09111896936554435
lag 2,0.06635848947940479,0.11817736134643068,0.026282619682214237
lag 3,0.20871870360498687,0.2842162853471089,0.07357489198662041
lag 4,0.018704094215972317,0.05527240251906936,0.04289181227388859
lag 5,,0.05515007260754474,0.036959595627360765
