,lag 0,lag 1,lag 2,lag 3,lag 4,lag 5,lag 6,lag 7,lag 8
gaussian,0.09429967372158884,0.05454448813383295,0.048312567411420294,0.04815388470078225,0.04885117912218463,0.036460990719746664,0.027504891863332215,0.02016696435736207,0.01439844215352484
bernoulli,0.02669423311634931,0.04043244017235147,0.04749404047111319,0.048606655335684694,0.04809061049351805,0.03628568407933711,0.02749067801176479,0.020764630618469556,0.014140933915713262
