,sample size 100,sample size 200,sample size 300,sample size 400,sample size 500,sample size 600,sample size 700,sample size 800,sample size 900,sample size 1000
lag 0,1734.0953078387981,3199.6742294756814,1273.2544145691668,2208.864510676868,728.1146013786902,1890.071663547654,2790.9172152438646,3849.98782826986,1824.8406030057358,1502.8344149428372
lag 1,768.9200980737307,584.3969631564071,1008.9448796049944,705.7446167008674,483.3061524032513,1696.5392854473162,825.4042373641471,1539.3690515264946,1053.2889056391255,343.39197958495276
lag 2,,,474.5236070097867,1043.6689032525967,1262.2682073769497,1325.2245047708045,250.26231998208087,473.6956157237538,303.3943499325937,227.32098626408455
