,Newey-West,Threshold
0,15.51719790386505,31.66686776619315
1,1.7511082487714824,7.327631268151038
